date,MN,WI,Minneapolis,US
2/18/20,-11,3,-14,0
2/19/20,51,21,27,4
2/20/20,-15,-1,-33,0
2/21/20,-9,-3,-15,-1
2/22/20,17,14,12,2
2/23/20,22,25,33,6
2/24/20,2,0,18,2
2/25/20,19,9,27,2
2/26/20,-1,-4,12,-1
2/27/20,7,-1,29,-1
2/28/20,33,9,39,1
2/29/20,1,3,11,3
3/1/20,-1,5,14,2
3/2/20,-9,8,-19,-7
3/3/20,-2,9,-3,-9
3/4/20,-3,12,6,-5
3/5/20,-17,-7,-13,-5
3/6/20,-12,-7,-6,-6
3/7/20,59,-6,61,-3
3/8/20,13,15,23,-2
3/9/20,-17,-10,-19,-14
3/10/20,-12,1,-14,-18
3/11/20,-18,0,-17,-19
3/12/20,-24,-14,-28,-28
3/13/20,-30,-26,-22,-36
3/14/20,-43,-39,-35,-42
3/15/20,-51,-47,-33,-48
3/16/20,-72,-67,-76,-56
3/17/20,-98,-96,-100,-84
3/18/20,-100,-100,-100,-91
3/19/20,-100,-100,-100,-97.54
3/20/20,-100,-100,-100,-99.35
3/21/20,-100,-100,-100,-99.89
3/22/20,-100,-100,-100,-99.93
3/23/20,-100,-100,-100,-99.97
3/24/20,-100,-100,-100,-99.97
3/25/20,-100,-100,-100,-99.98
3/26/20,-100,-100,-100,-99.98
3/27/20,-100,-100,-100,-99.99
3/28/20,-100,-100,-100,-99.98
3/29/20,-100,-100,-100,-100
3/30/20,-100,-100,-100,-99.99
3/31/20,-100,-100,-100,-99.99
4/1/20,-100,-100,-100,-99.99
4/2/20,-100,-100,-100,-99.98
4/3/20,-100,-100,-100,-99.97
4/4/20,-100,-100,-100,-99.98
4/5/20,-100,-100,-100,-99.99
4/6/20,-100,-100,-100,-100
4/7/20,-100,-100,-100,-99.99
4/8/20,-100,-99.81,-100,-99.97
4/9/20,-100,-100,-100,-100
4/10/20,-100,-100,-100,-99.97
4/11/20,-100,-100,-100,-99.98
4/12/20,-100,-100,-100,-99.99
4/13/20,-100,-100,-100,-99.99
4/14/20,-100,-100,-100,-99.99
4/15/20,-100,-100,-100,-99.97
4/16/20,-100,-100,-100,-99.96
4/17/20,-100,-100,-100,-99.97
4/18/20,-100,-100,-100,-99.97
4/19/20,-100,-100,-100,-99.98
4/20/20,-100,-100,-100,-99.99
4/21/20,-100,-100,-100,-99.97
4/22/20,-100,-100,-100,-99.97
4/23/20,-100,-100,-100,-99.98
4/24/20,-100,-100,-100,-99.97
4/25/20,-100,-100,-100,-99.97
4/26/20,-100,-100,-100,-99.99
4/27/20,-100,-100,-100,-99.89
4/28/20,-100,-100,-100,-99.9
4/29/20,-100,-100,-100,-99.91
4/30/20,-100,-100,-100,-99.86
5/1/20,-100,-100,-100,-98.81
5/2/20,-100,-100,-100,-98.97
5/3/20,-100,-100,-100,-99.16
5/4/20,-100,-100,-100,-98.04
5/5/20,-100,-100,-100,-97.98
5/6/20,-100,-100,-100,-98.02
5/7/20,-100,-100,-100,-97.75
5/8/20,-100,-100,-100,-97.06
5/9/20,-100,-100,-100,-97.12
5/10/20,-100,-100,-100,-96.86
5/11/20,-99.56,-100,-100,-95.67
5/12/20,-99.63,-100,-100,-95.62
5/13/20,-100,-100,-100,-95.31
5/14/20,-99.89,-100,-99.62,-94.94
5/15/20,-100,-99.37,-100,-93.55
5/16/20,-99.38,-97.33,-99.22,-93.03
5/17/20,-99.4,-98.49,-98.92,-93.64
5/18/20,-99.49,-98.71,-99.32,-93.66
5/19/20,-99.58,-97.43,-99.5,-92.63
5/20/20,-99.46,-94.96,-99.3,-91.62
5/21/20,-99.68,-90.43,-99.58,-89.83
5/22/20,-99.72,-88.7,-99.79,-87.31
5/23/20,-99.75,-87.62,-99.85,-87.04
5/24/20,-99.75,-85,-99.93,-87.88
5/25/20,-100,-77.01,-100,-86.84
5/26/20,-98.52,-81.49,-98.1,-85.57
5/27/20,-98.67,-78.19,-98.62,-84.57
5/28/20,-98.83,-83.38,-99.51,-84.35
5/29/20,-99.16,-80.28,-98.95,-81.62
5/30/20,-99.14,-80.02,-98.88,-80.98
5/31/20,-99.21,-84.23,-99.86,-83.01
6/1/20,-75.06,-85.7,-96.81,-84.18
6/2/20,-84.91,-86.68,-97.31,-83.48
6/3/20,-76.04,-80.95,-96.04,-81.16
6/4/20,-75.62,-78.65,-92.67,-79.66
6/5/20,-75.08,-72,-90.22,-75.46
6/6/20,-76.61,-71.47,-91.37,-73.9
6/7/20,-70.59,-70.51,-83.22,-74.08
6/8/20,-73.08,-72.2,-83.61,-75.14
6/9/20,-87.06,-78.05,-95.04,-75.29
6/10/20,-59.36,-74.78,-77.13,-72.32
6/11/20,-52.37,-62.45,-74.48,-69.94
6/12/20,-51.24,-60.68,-73.12,-65.02
6/13/20,-51.25,-59.71,-71.83,-64.63
6/14/20,-68.33,-78.79,-79.33,-78.06
6/15/20,-50.32,-59.5,-74.36,-67.47
6/16/20,-49.52,-58.46,-72.81,-66.18
6/17/20,-47.22,-55.58,-70.36,-65.2
6/18/20,-58.47,-55.12,-76.67,-64.08
6/19/20,-44.02,-50.58,-59.95,-59.97
6/20/20,-43.28,-50.53,-58.16,-58.8
6/21/20,-24.96,-28.58,-56.37,-41.37
6/22/20,-49.84,-60.24,-72.58,-66.47
6/23/20,-45.9,-59.56,-69.34,-65.36
6/24/20,-41.16,-53,-61.31,-63.89
6/25/20,-42.2,-49.2,-63.01,-61.59
6/26/20,-44.06,-57.26,-61.38,-57.99
6/27/20,-40.54,-47.55,-58.92,-57
6/28/20,-47.87,-49.07,-67.43,-60.26
6/29/20,-45.59,-67.14,-62.97,-65.29
6/30/20,-37.38,-53.23,-60.05,-62.47
7/1/20,-29.58,-54.83,-49.15,-64.71