state_code,state_fips,state_name,county_fips,county_name,county_population,last_updated,date,weekday,covid,grade_total,n_grade_total,daily_distance_diff,grade_distance,n_grade_distance,daily_visitation_diff,grade_visitation,n_grade_visitation,encounters_rate,grade_encounters,n_grade_encounters
FL,12,Florida,12041,Gilchrist County,18256,2020-04-19 19:12:51.786594 UTC,2020-04-18,7,POST,C-,2.7,-0.30941009406116388,D,2,-0.30632368703108254,F,1,-0.95936745833398,A,5
FL,12,Florida,12086,Miami-Dade County,2761581,2020-04-19 19:12:51.786594 UTC,2020-04-17,6,POST,C,3,-0.536649592521552,C,3,-0.7547011362662196,A,5,2.0863303944423088,F,1
FL,12,Florida,12097,Osceola County,367990,2020-04-19 19:12:51.786594 UTC,2020-04-17,6,POST,C,3,-0.54430532490781591,C,3,-0.7687294800278538,A,5,-0.10687367535247838,F,1
FL,12,Florida,12019,Clay County,216072,2020-04-19 19:12:51.786594 UTC,2020-04-18,7,POST,F,1.3,-0.37130551152089741,D,2,-0.53840132182414124,F,1,1.392609355334935,F,1
WA,53,Washington,53007,Chelan County,77036,2020-04-19 19:12:51.786594 UTC,2020-04-18,7,POST,B-,3.7,-0.3420894100418822,D,2,-0.6768095806508424,B,4,-0.97502635333432242,A,5
FL,12,Florida,12031,Duval County,950181,2020-04-19 19:12:51.786594 UTC,2020-04-18,7,POST,C-,2.7,-0.44997590812861249,C,3,-0.65217997644071968,B,4,3.6639054634751709,F,1
FL,12,Florida,12003,Baker County,28355,2020-04-19 19:12:51.786594 UTC,2020-04-17,6,POST,D-,1.7,-0.16644813961016094,F,1,-0.36481983382947525,F,1,-0.81015937703977492,C,3
FL,12,Florida,12071,Lee County,754610,2020-04-19 19:12:51.786594 UTC,2020-04-18,7,POST,C-,2.7,-0.48518311814796877,C,3,-0.67887159560764887,B,4,2.30674032947666,F,1
WA,53,Washington,53007,Chelan County,77036,2020-04-19 19:12:51.786594 UTC,2020-04-17,6,POST,C+,3.3,-0.36815629829314511,D,2,-0.64246566073482647,C,3,-0.97328743946533069,A,5
FL,12,Florida,12047,Hamilton County,14310,2020-04-19 19:12:51.786594 UTC,2020-04-18,7,POST,C,3,-0.065217939122680743,F,1,,,,-0.97587520105612524,A,5
WA,53,Washington,53051,Pend Oreille County,13602,2020-04-19 19:12:51.786594 UTC,2020-04-17,6,POST,B-,3.5,-0.26199829637325428,D,2,,,,-0.9957227479552051,A,5
FL,12,Florida,12107,Putnam County,74163,2020-04-19 19:12:51.786594 UTC,2020-04-17,6,POST,F,1.3,-0.2071576110315109,F,1,-0.41242348358375069,F,1,-0.70524992704280542,D,2
FL,12,Florida,12023,Columbia County,70503,2020-04-19 19:12:51.786594 UTC,2020-04-17,6,POST,D,2,-0.26419881400581996,D,2,-0.59652186501868454,D,2,-0.58383842668885422,D,2
FL,12,Florida,12053,Hernando County,190865,2020-04-19 19:12:51.786594 UTC,2020-04-17,6,POST,F,1.3,-0.25213281808630539,D,2,-0.53576012409546536,F,1,0.66214023748489814,F,1
FL,12,Florida,12127,Volusia County,547538,2020-04-19 19:12:51.786594 UTC,2020-04-17,6,POST,C-,2.7,-0.36910906654804776,D,2,-0.71338452114094,A,5,0.86237951977934957,F,1
FL,12,Florida,12017,Citrus County,147929,2020-04-19 19:12:51.786594 UTC,2020-04-17,6,POST,F,1,-0.19168373266160454,F,1,-0.53248479705840757,F,1,-0.34221992191139283,F,1
WA,53,Washington,53009,Clallam County,76737,2020-04-19 19:12:51.786594 UTC,2020-04-17,6,POST,C-,2.7,-0.2809708574839091,D,2,-0.468602986295766,F,1,-0.96804476020994923,A,5
FL,12,Florida,12099,Palm Beach County,1485941,2020-04-19 19:12:51.786594 UTC,2020-04-17,6,POST,C,3,-0.52475947052591465,C,3,-0.73281147538298008,A,5,0.70635139081371578,F,1
WA,53,Washington,53063,Spokane County,514631,2020-04-19 19:12:51.786594 UTC,2020-04-18,7,POST,D+,2.3,-0.37554431261923282,D,2,-0.63309339463704217,C,3,-0.60124615965246808,D,2
FL,12,Florida,12027,DeSoto County,37489,2020-04-19 19:12:51.786594 UTC,2020-04-18,7,POST,D+,2.3,-0.37428124566529825,D,2,-0.49418013334840094,F,1,-0.90449396572124463,B,4
FL,12,Florida,12063,Jackson County,48305,2020-04-19 19:12:51.786594 UTC,2020-04-17,6,POST,D,2,-0.18367830761946938,F,1,-0.4658647009790301,F,1,-0.86305684565764051,B,4
FL,12,Florida,12079,Madison County,18529,2020-04-19 19:12:51.786594 UTC,2020-04-18,7,POST,D+,2.3,-0.22583209424987624,F,1,-0.54777070063694266,F,1,-0.9802978703181161,A,5
FL,12,Florida,12011,Broward County,1951260,2020-04-19 19:12:51.786594 UTC,2020-04-17,6,POST,C+,3.3,-0.57261413826839436,B,4,-0.72717729087503069,A,5,2.8765109394706849,F,1
FL,12,Florida,12015,Charlotte County,184998,2020-04-19 19:12:51.786594 UTC,2020-04-17,6,POST,D,2,-0.35209999186030566,D,2,-0.61027409020971723,C,3,0.14518769518934849,F,1
FL,12,Florida,12115,Sarasota County,426718,2020-04-19 19:12:51.786594 UTC,2020-04-18,7,POST,C-,2.7,-0.47659782602740092,C,3,-0.66165610256323693,B,4,1.19229178728499,F,1
FL,12,Florida,12053,Hernando County,190865,2020-04-19 19:12:51.786594 UTC,2020-04-18,7,POST,F,1.3,-0.39606571418701347,D,2,-0.53046276339698084,F,1,0.649911337250811,F,1
FL,12,Florida,12061,Indian River County,157413,2020-04-19 19:12:51.786594 UTC,2020-04-17,6,POST,C-,2.7,-0.37388157791508148,D,2,-0.70227972889710411,A,5,-0.067936718447020983,F,1
FL,12,Florida,12001,Alachua County,269956,2020-04-19 19:12:51.786594 UTC,2020-04-18,7,POST,C,3,-0.45026215471665665,C,3,-0.73204016646375392,A,5,-0.32041937467739245,F,1
FL,12,Florida,12103,Pinellas County,975280,2020-04-19 19:12:51.786594 UTC,2020-04-18,7,POST,C+,3.3,-0.559696810507424,B,4,-0.71938853354041865,A,5,8.8539115379540068,F,1
FL,12,Florida,12111,St. Lucie County,321128,2020-04-19 19:12:51.786594 UTC,2020-04-17,6,POST,D,2,-0.33642069001163555,D,2,-0.61281949643984435,C,3,0.71442768447483762,F,1
WA,53,Washington,53011,Clark County,481857,2020-04-19 19:12:51.786594 UTC,2020-04-18,7,POST,D+,2.3,-0.35317968944365685,D,2,-0.67469500089000867,B,4,0.16058595295520828,F,1
FL,12,Florida,12079,Madison County,18529,2020-04-19 19:12:51.786594 UTC,2020-04-17,6,POST,C,3,-0.15918964254604248,F,1,-0.6385390428211587,C,3,-0.969234920521102,A,5
FL,12,Florida,12087,Monroe County,75027,2020-04-19 19:12:51.786594 UTC,2020-04-17,6,POST,B,4,-0.54090690309242262,C,3,-0.78739048616044172,A,5,-0.92369439321481639,B,4
FL,12,Florida,12007,Bradford County,27732,2020-04-19 19:12:51.786594 UTC,2020-04-17,6,POST,D-,1.7,-0.22377799104800311,F,1,-0.49664929262844376,F,1,-0.77668320565839455,C,3
WA,53,Washington,53037,Kittitas County,47364,2020-04-19 19:12:51.786594 UTC,2020-04-17,6,POST,B-,3.7,-0.11930946000175487,F,1,-0.70672722624114537,A,5,-0.97955044860581431,A,5
FL,12,Florida,12007,Bradford County,27732,2020-04-19 19:12:51.786594 UTC,2020-04-18,7,POST,D+,2.3,-0.42741347475632435,C,3,-0.4025861535606014,F,1,-0.77781852235560656,C,3
FL,12,Florida,12101,Pasco County,539630,2020-04-19 19:12:51.786594 UTC,2020-04-17,6,POST,D,2,-0.30730674314279333,D,2,-0.60095410850486575,C,3,2.5026086468992643,F,1
FL,12,Florida,12045,Gulf County,16164,2020-04-19 19:12:51.786594 UTC,2020-04-18,7,POST,B,4,-0.48688293272758282,C,3,,,,-0.97216889039853793,A,5
FL,12,Florida,12077,Liberty County,8457,2020-04-19 19:12:51.786594 UTC,2020-04-17,6,POST,C,3,-0.14938899226013483,F,1,,,,-0.9940670165696478,A,5
WA,53,Washington,53069,Wahkiakum County,4426,2020-04-19 19:12:51.786594 UTC,2020-04-17,6,POST,C,3,-0.18812794344792735,F,1,,,,-0.99258846876627793,A,5
FL,12,Florida,12113,Santa Rosa County,179349,2020-04-19 19:12:51.786594 UTC,2020-04-17,6,POST,F,1.3,-0.29070896632725163,D,2,-0.49191754026049506,F,1,-0.025731109733658886,F,1
FL,12,Florida,12105,Polk County,708009,2020-04-19 19:12:51.786594 UTC,2020-04-18,7,POST,D+,2.3,-0.44637676624640477,C,3,-0.624861156883567,C,3,0.39614310736819069,F,1
FL,12,Florida,12067,Lafayette County,8732,2020-04-19 19:12:51.786594 UTC,2020-04-18,7,POST,C,3,-0.16189363602977538,F,1,,,,-0.99015693041561115,A,5
WA,53,Washington,53013,Columbia County,4059,2020-04-19 19:12:51.786594 UTC,2020-04-18,7,POST,C,3,-0.19824414844554517,F,1,,,,-0.99914814121802087,A,5
WA,53,Washington,53043,Lincoln County,10740,2020-04-19 19:12:51.786594 UTC,2020-04-18,7,POST,C,3,-0.0096640328320572958,F,1,,,,-0.99850423554954049,A,5
FL,12,Florida,12121,Suwannee County,44191,2020-04-19 19:12:51.786594 UTC,2020-04-17,6,POST,D,2,-0.20415139058657644,F,1,-0.33157065406083913,F,1,-0.85292448489906914,B,4
FL,12,Florida,12069,Lake County,356495,2020-04-19 19:12:51.786594 UTC,2020-04-17,6,POST,D-,1.7,-0.32517684727557344,D,2,-0.59518838999286694,D,2,0.77012146854745822,F,1
WA,53,Washington,53073,Whatcom County,225685,2020-04-19 19:12:51.786594 UTC,2020-04-17,6,POST,B-,3.7,-0.38600676970886694,D,2,-0.703668703988782,A,5,-0.93774351099002939,B,4
FL,12,Florida,12121,Suwannee County,44191,2020-04-19 19:12:51.786594 UTC,2020-04-18,7,POST,D+,2.3,-0.34236289372094797,D,2,-0.2244884289493955,F,1,-0.8720936456587548,B,4
WA,53,Washington,53021,Franklin County,94347,2020-04-19 19:12:51.786594 UTC,2020-04-18,7,POST,D+,2.3,-0.26583354741247306,D,2,-0.52013673088875079,F,1,-0.92511157160683877,B,4
WA,53,Washington,53037,Kittitas County,47364,2020-04-19 19:12:51.786594 UTC,2020-04-18,7,POST,C+,3.3,-0.0082591798204500761,F,1,-0.67167233440669294,B,4,-0.98240419811963875,A,5
WA,53,Washington,53065,Stevens County,45260,2020-04-19 19:12:51.786594 UTC,2020-04-17,6,POST,D+,2.3,-0.14262892922032197,F,1,-0.39384935373644331,F,1,-0.99308927951915082,A,5
FL,12,Florida,12011,Broward County,1951260,2020-04-19 19:12:51.786594 UTC,2020-04-18,7,POST,C+,3.3,-0.61292400686955528,B,4,-0.71750188060483633,A,5,2.9403879833113069,F,1
FL,12,Florida,12023,Columbia County,70503,2020-04-19 19:12:51.786594 UTC,2020-04-18,7,POST,D-,1.7,-0.3398318134980553,D,2,-0.52497359918863251,F,1,-0.59964345467918156,D,2
WA,53,Washington,53005,Benton County,201877,2020-04-19 19:12:51.786594 UTC,2020-04-17,6,POST,D,2,-0.27246800204901983,D,2,-0.53250922556234526,F,1,-0.80548964236614529,C,3
WA,53,Washington,53033,King County,2233163,2020-04-19 19:12:51.786594 UTC,2020-04-17,6,POST,C,3,-0.534764482397045,C,3,-0.72306939781113833,A,5,0.010225642985559835,F,1
FL,12,Florida,12029,Dixie County,16700,2020-04-19 19:12:51.786594 UTC,2020-04-18,7,POST,B-,3.5,-0.27939614578185362,D,2,,,,-0.9878937574823804,A,5
FL,12,Florida,12119,Sumter County,128754,2020-04-19 19:12:51.786594 UTC,2020-04-17,6,POST,D-,1.7,-0.26553196590427997,D,2,-0.57115724010421043,D,2,-0.2491037241400732,F,1
WA,53,Washington,53071,Walla Walla County,60922,2020-04-19 19:12:51.786594 UTC,2020-04-17,6,POST,C,3,-0.39791351099476857,D,2,-0.55917652212001756,D,2,-0.96263579886736728,A,5
WA,53,Washington,53033,King County,2233163,2020-04-19 19:12:51.786594 UTC,2020-04-18,7,POST,C,3,-0.53780926916515392,C,3,-0.73707535716553862,A,5,-0.033114083486912804,F,1
FL,12,Florida,12077,Liberty County,8457,2020-04-19 19:12:51.786594 UTC,2020-04-18,7,POST,B-,3.5,-0.34333407133345395,D,2,,,,-0.99492752561679809,A,5
WA,53,Washington,53049,Pacific County,22036,2020-04-19 19:12:51.786594 UTC,2020-04-18,7,POST,B-,3.5,-0.33500211164360411,D,2,,,,-0.99296952969753838,A,5
FL,12,Florida,12133,Washington County,24880,2020-04-19 19:12:51.786594 UTC,2020-04-17,6,POST,D,2,-0.24416752427038751,F,1,-0.38559567484070284,F,1,-0.90161960285007947,B,4
FL,12,Florida,12123,Taylor County,21623,2020-04-19 19:12:51.786594 UTC,2020-04-18,7,POST,C-,2.7,-0.3997616376039797,D,2,-0.3168399665351978,F,1,-0.9623289334081625,A,5
WA,53,Washington,53025,Grant County,97331,2020-04-19 19:12:51.786594 UTC,2020-04-17,6,POST,D+,2.3,-0.11673347557291468,F,1,-0.48115561141899482,F,1,-0.962448548279351,A,5
FL,12,Florida,12083,Marion County,359977,2020-04-19 19:12:51.786594 UTC,2020-04-18,7,POST,D-,1.7,-0.37675668074264795,D,2,-0.57769869513641758,D,2,-0.18220385531778616,F,1
FL,12,Florida,12049,Hardee County,27245,2020-04-19 19:12:51.786594 UTC,2020-04-18,7,POST,D+,2.3,-0.2825026993558567,D,2,-0.31922985500356549,F,1,-0.913184886820248,B,4
FL,12,Florida,12087,Monroe County,75027,2020-04-19 19:12:51.786594 UTC,2020-04-18,7,POST,B+,4.3,-0.65741760732721211,B,4,-0.75938837062495612,A,5,-0.92536302624202,B,4
FL,12,Florida,12129,Wakulla County,32461,2020-04-19 19:12:51.786594 UTC,2020-04-18,7,POST,C-,2.7,-0.23283163565888546,F,1,-0.66374346709185938,B,4,-0.80869744672839572,C,3
WA,53,Washington,53029,Island County,84460,2020-04-19 19:12:51.786594 UTC,2020-04-17,6,POST,C-,2.7,-0.43441241906360278,C,3,-0.55642333439591962,D,2,-0.77102649530870482,C,3
FL,12,Florida,12037,Franklin County,11736,2020-04-19 19:12:51.786594 UTC,2020-04-17,6,POST,B-,3.5,-0.32809280813697911,D,2,,,,-0.97626965473827831,A,5
WA,53,Washington,53043,Lincoln County,10740,2020-04-19 19:12:51.786594 UTC,2020-04-17,6,POST,C,3,-0.052314484005380829,F,1,,,,-0.99803888660939744,A,5
FL,12,Florida,12089,Nassau County,85832,2020-04-19 19:12:51.786594 UTC,2020-04-17,6,POST,D+,2.3,-0.32093177953501034,D,2,-0.66135918511173575,B,4,-0.38308629345049816,F,1
FL,12,Florida,12081,Manatee County,394855,2020-04-19 19:12:51.786594 UTC,2020-04-17,6,POST,C-,2.7,-0.42754529296932414,C,3,-0.66171029132948367,B,4,1.0466309481333322,F,1
WA,53,Washington,53055,San Juan County,17128,2020-04-19 19:12:51.786594 UTC,2020-04-18,7,POST,A-,4.5,-0.56704883267925932,B,4,,,,-0.98705903837297859,A,5
WA,53,Washington,53065,Stevens County,45260,2020-04-19 19:12:51.786594 UTC,2020-04-18,7,POST,C-,2.7,-0.31636862806659971,D,2,-0.38428647781934794,F,1,-0.99293859978616894,A,5
WA,53,Washington,53063,Spokane County,514631,2020-04-19 19:12:51.786594 UTC,2020-04-17,6,POST,D+,2.3,-0.36814894614545862,D,2,-0.613971427741081,C,3,-0.57700385178946634,D,2
FL,12,Florida,12073,Leon County,292502,2020-04-19 19:12:51.786594 UTC,2020-04-17,6,POST,C,3,-0.44937948126709765,C,3,-0.72149178388881852,A,5,0.43797094007277582,F,1
FL,12,Florida,12103,Pinellas County,975280,2020-04-19 19:12:51.786594 UTC,2020-04-17,6,POST,C,3,-0.48233566904464825,C,3,-0.712697792537605,A,5,10.197046022450088,F,1
WA,53,Washington,53073,Whatcom County,225685,2020-04-19 19:12:51.786594 UTC,2020-04-18,7,POST,B,4,-0.40522451226900763,C,3,-0.70271022902601854,A,5,-0.93821118503013123,B,4
FL,12,Florida,12067,Lafayette County,8732,2020-04-19 19:12:51.786594 UTC,2020-04-17,6,POST,C,3,-0.24989184285867216,F,1,,,,-0.984117623314681,A,5
WA,53,Washington,53077,Yakima County,251446,2020-04-19 19:12:51.786594 UTC,2020-04-18,7,POST,C,3,-0.242356061485336,F,1,-0.63499573867810855,C,3,-0.9619094678053639,A,5
WA,53,Washington,53029,Island County,84460,2020-04-19 19:12:51.786594 UTC,2020-04-18,7,POST,C,3,-0.43116346800392008,C,3,-0.60014638609332116,C,3,-0.76561412093648773,C,3
WA,53,Washington,53067,Thurston County,286419,2020-04-19 19:12:51.786594 UTC,2020-04-17,6,POST,D,2,-0.295313339091776,D,2,-0.62560307139918947,C,3,-0.33559590197258193,F,1
FL,12,Florida,12043,Glades County,13724,2020-04-19 19:12:51.786594 UTC,2020-04-18,7,POST,C,3,-0.073591471646013581,F,1,,,,-0.9935126761655525,A,5
FL,12,Florida,12043,Glades County,13724,2020-04-19 19:12:51.786594 UTC,2020-04-17,6,POST,C,3,-0.1196462718154381,F,1,,,,-0.9923201534018673,A,5
FL,12,Florida,12117,Seminole County,467832,2020-04-19 19:12:51.786594 UTC,2020-04-17,6,POST,C-,2.7,-0.45064152176812605,C,3,-0.67172295928951764,B,4,5.3387580083371269,F,1
FL,12,Florida,12086,Miami-Dade County,2761581,2020-04-19 19:12:51.786594 UTC,2020-04-18,7,POST,C+,3.3,-0.58232709687163231,B,4,-0.75228199099727078,A,5,1.7643558546916736,F,1
FL,12,Florida,12051,Hendry County,41556,2020-04-19 19:12:51.786594 UTC,2020-04-17,6,POST,C,3,-0.27926088937889315,D,2,-0.60517623285275712,C,3,-0.93084420838955129,B,4
FL,12,Florida,12071,Lee County,754610,2020-04-19 19:12:51.786594 UTC,2020-04-17,6,POST,C,3,-0.43092290451792181,C,3,-0.701308466945933,A,5,2.5485016623026544,F,1
WA,53,Washington,53011,Clark County,481857,2020-04-19 19:12:51.786594 UTC,2020-04-17,6,POST,D,2,-0.27662453383536995,D,2,-0.63822766827738953,C,3,0.29898448862280724,F,1
WA,53,Washington,53059,Skamania County,11924,2020-04-19 19:12:51.786594 UTC,2020-04-18,7,POST,C,3,-0.1827635041491173,F,1,,,,-0.99804581428094308,A,5
FL,12,Florida,12003,Baker County,28355,2020-04-19 19:12:51.786594 UTC,2020-04-18,7,POST,D-,1.7,-0.24226483274223853,F,1,-0.38526044186421543,F,1,-0.76447854941686566,C,3
FL,12,Florida,12057,Hillsborough County,1436888,2020-04-19 19:12:51.786594 UTC,2020-04-18,7,POST,C-,2.7,-0.51852279093544973,C,3,-0.69356090029009054,B,4,3.0762339172986204,F,1
FL,12,Florida,12131,Walton County,71375,2020-04-19 19:12:51.786594 UTC,2020-04-17,6,POST,C,3,-0.32709187136623663,D,2,-0.703823559155305,A,5,-0.73489030404611122,D,2
WA,53,Washington,53027,Grays Harbor County,73901,2020-04-19 19:12:51.786594 UTC,2020-04-17,6,POST,B-,3.7,-0.35405921030072834,D,2,-0.678296314782464,B,4,-0.94627730727050052,A,5
WA,53,Washington,53047,Okanogan County,42132,2020-04-19 19:12:51.786594 UTC,2020-04-18,7,POST,C-,2.7,-0.31350609594673418,D,2,0.27878931189406481,F,1,-0.99763902487747247,A,5
FL,12,Florida,12019,Clay County,216072,2020-04-19 19:12:51.786594 UTC,2020-04-17,6,POST,D-,1.7,-0.29333206363851577,D,2,-0.57364058904047777,D,2,1.0453924293381118,F,1
FL,12,Florida,12069,Lake County,356495,2020-04-19 19:12:51.786594 UTC,2020-04-18,7,POST,D,2,-0.43811251152806424,C,3,-0.5912297441504395,D,2,0.75030145238165691,F,1
WA,53,Washington,53061,Snohomish County,814901,2020-04-19 19:12:51.786594 UTC,2020-04-17,6,POST,D+,2.3,-0.39873573296719972,D,2,-0.62924261222475841,C,3,-0.51419621611613653,D,2
FL,12,Florida,12081,Manatee County,394855,2020-04-19 19:12:51.786594 UTC,2020-04-18,7,POST,D+,2.3,-0.50799518152456913,C,3,-0.6493171952552439,C,3,0.81893885940042943,F,1
FL,12,Florida,12115,Sarasota County,426718,2020-04-19 19:12:51.786594 UTC,2020-04-17,6,POST,C-,2.7,-0.43284278611204596,C,3,-0.69052652470838,B,4,1.3989938469673757,F,1
FL,12,Florida,12099,Palm Beach County,1485941,2020-04-19 19:12:51.786594 UTC,2020-04-18,7,POST,C,3,-0.53703145941357766,C,3,-0.71370525971565557,A,5,0.70594839918630159,F,1
FL,12,Florida,12051,Hendry County,41556,2020-04-19 19:12:51.786594 UTC,2020-04-18,7,POST,D,2,-0.24858974142313381,F,1,-0.53392572339940758,F,1,-0.91737618780759711,B,4
WA,53,Washington,53071,Walla Walla County,60922,2020-04-19 19:12:51.786594 UTC,2020-04-18,7,POST,C+,3.3,-0.32924754601541967,D,2,-0.60795228628230613,C,3,-0.96552478349102444,A,5
WA,53,Washington,53049,Pacific County,22036,2020-04-19 19:12:51.786594 UTC,2020-04-17,6,POST,B-,3.5,-0.35457636124936959,D,2,,,,-0.99208061965929606,A,5
FL,12,Florida,12113,Santa Rosa County,179349,2020-04-19 19:12:51.786594 UTC,2020-04-18,7,POST,F,1.3,-0.32203185957330649,D,2,-0.46607494977088065,F,1,0.044975686958845351,F,1
FL,12,Florida,12059,Holmes County,19477,2020-04-19 19:12:51.786594 UTC,2020-04-17,6,POST,D+,2.3,-0.21217537040873344,F,1,-0.51793496480053636,F,1,-0.95390418521141251,A,5
FL,12,Florida,12005,Bay County,185287,2020-04-19 19:12:51.786594 UTC,2020-04-18,7,POST,C-,2.7,-0.47891012909433789,C,3,-0.67429129523300013,B,4,0.080876683600570543,F,1
FL,12,Florida,12039,Gadsden County,45894,2020-04-19 19:12:51.786594 UTC,2020-04-18,7,POST,C,3,-0.36986668479335433,D,2,-0.56084369929691724,D,2,-0.96182921175453262,A,5
FL,12,Florida,12085,Martin County,160912,2020-04-19 19:12:51.786594 UTC,2020-04-18,7,POST,D+,2.3,-0.45954586179808959,C,3,-0.63336247548514935,C,3,0.077467635263711365,F,1
WA,53,Washington,53045,Mason County,65507,2020-04-19 19:12:51.786594 UTC,2020-04-17,6,POST,D,2,-0.24668614914823803,F,1,-0.47912021082505574,F,1,-0.9386854593083146,B,4
WA,53,Washington,53055,San Juan County,17128,2020-04-19 19:12:51.786594 UTC,2020-04-17,6,POST,B,4,-0.47389687486509741,C,3,,,,-0.98466256399760432,A,5
FL,12,Florida,12009,Brevard County,596849,2020-04-19 19:12:51.786594 UTC,2020-04-17,6,POST,C-,2.7,-0.42882754639807885,C,3,-0.65597666971899171,B,4,1.0553242266969436,F,1
WA,53,Washington,53003,Asotin County,22610,2020-04-19 19:12:51.786594 UTC,2020-04-18,7,POST,C+,3.3,-0.23007403339149618,F,1,-0.65580693815987934,B,4,-0.94678403579747483,A,5
WA,53,Washington,53035,Kitsap County,269805,2020-04-19 19:12:51.786594 UTC,2020-04-18,7,POST,C-,2.7,-0.46192004729097652,C,3,-0.6954208756048712,B,4,-0.38271259574247962,F,1
FL,12,Florida,12047,Hamilton County,14310,2020-04-19 19:12:51.786594 UTC,2020-04-17,6,POST,C,3,-0.12587679678564798,F,1,,,,-0.96911245418237058,A,5
WA,53,Washington,53031,Jefferson County,31729,2020-04-19 19:12:51.786594 UTC,2020-04-18,7,POST,B,4,-0.4675107095915354,C,3,,,,-0.99563387599033,A,5
WA,53,Washington,53039,Klickitat County,22107,2020-04-19 19:12:51.786594 UTC,2020-04-18,7,POST,C,3,-0.046758064238934867,F,1,,,,-0.99813350716184268,A,5
FL,12,Florida,12057,Hillsborough County,1436888,2020-04-19 19:12:51.786594 UTC,2020-04-17,6,POST,C-,2.7,-0.45745114567211304,C,3,-0.68728767503603772,B,4,3.3763779975054051,F,1
FL,12,Florida,12005,Bay County,185287,2020-04-19 19:12:51.786594 UTC,2020-04-17,6,POST,D,2,-0.37494144334799617,D,2,-0.63438485503257036,C,3,0.15291835823266275,F,1
FL,12,Florida,12035,Flagler County,112067,2020-04-19 19:12:51.786594 UTC,2020-04-18,7,POST,D,2,-0.35034277071004771,D,2,-0.605868273589953,C,3,-0.17994319172566453,F,1
FL,12,Florida,12109,St. Johns County,254261,2020-04-19 19:12:51.786594 UTC,2020-04-17,6,POST,C,3,-0.44342719906079031,C,3,-0.79513772899599666,A,5,1.023954192123874,F,1
WA,53,Washington,53001,Adams County,19759,2020-04-19 19:12:51.786594 UTC,2020-04-18,7,POST,C+,3.3,-0.078503750417863491,F,1,-0.66654584994563248,B,4,-0.995288042678488,A,5
WA,53,Washington,53027,Grays Harbor County,73901,2020-04-19 19:12:51.786594 UTC,2020-04-18,7,POST,B,4,-0.29880704723498575,D,2,-0.72770037453183523,A,5,-0.95792383198584408,A,5
WA,53,Washington,53075,Whitman County,49791,2020-04-19 19:12:51.786594 UTC,2020-04-17,6,POST,B,4,-0.36792511380828574,D,2,-0.81532542481564607,A,5,-0.99270343301961417,A,5
FL,12,Florida,12095,Orange County,1380645,2020-04-19 19:12:51.786594 UTC,2020-04-17,6,POST,C+,3.3,-0.5933281209181005,B,4,-0.82693321061820591,A,5,4.122644295829871,F,1
FL,12,Florida,12033,Escambia County,315534,2020-04-19 19:12:51.786594 UTC,2020-04-18,7,POST,D,2,-0.38075020115623237,D,2,-0.64845654961869315,C,3,1.6788931385122323,F,1
WA,53,Washington,53015,Cowlitz County,108987,2020-04-19 19:12:51.786594 UTC,2020-04-18,7,POST,D+,2.3,-0.32246835186160822,D,2,-0.53401561144839549,F,1,-0.8646737544109111,B,4
WA,53,Washington,53001,Adams County,19759,2020-04-19 19:12:51.786594 UTC,2020-04-17,6,POST,C+,3.3,-0.20896940396245942,F,1,-0.66848274723460455,B,4,-0.99298075674045028,A,5
FL,12,Florida,12107,Putnam County,74163,2020-04-19 19:12:51.786594 UTC,2020-04-18,7,POST,D-,1.7,-0.32729221432932232,D,2,-0.281615302869288,F,1,-0.68193286456564373,D,2
FL,12,Florida,12075,Levy County,40770,2020-04-19 19:12:51.786594 UTC,2020-04-17,6,POST,D,2,-0.2114783582778885,F,1,-0.5072181670721817,F,1,-0.90416566978017965,B,4
WA,53,Washington,53013,Columbia County,4059,2020-04-19 19:12:51.786594 UTC,2020-04-17,6,POST,C,3,-0.025323954456290005,F,1,,,,-0.99831757890559125,A,5
FL,12,Florida,12083,Marion County,359977,2020-04-19 19:12:51.786594 UTC,2020-04-17,6,POST,D-,1.7,-0.25107360903117526,D,2,-0.58683958850943463,D,2,-0.1705152056774254,F,1
FL,12,Florida,12085,Martin County,160912,2020-04-19 19:12:51.786594 UTC,2020-04-17,6,POST,C-,2.7,-0.43381402599960456,C,3,-0.66461567889820516,B,4,0.14735985477498348,F,1
FL,12,Florida,12017,Citrus County,147929,2020-04-19 19:12:51.786594 UTC,2020-04-18,7,POST,F,1.3,-0.37633135397889739,D,2,-0.45480784470749186,F,1,-0.32216343774230038,F,1
WA,53,Washington,53015,Cowlitz County,108987,2020-04-19 19:12:51.786594 UTC,2020-04-17,6,POST,D,2,-0.18323136256915662,F,1,-0.52542968565191239,F,1,-0.8341725871076785,B,4
WA,53,Washington,53057,Skagit County,128206,2020-04-19 19:12:51.786594 UTC,2020-04-18,7,POST,B,4,-0.44894324350623427,C,3,-0.71823377997762183,A,5,-0.93095829560083854,B,4
FL,12,Florida,12101,Pasco County,539630,2020-04-19 19:12:51.786594 UTC,2020-04-18,7,POST,D,2,-0.40351498669350649,C,3,-0.594458520106542,D,2,2.4699307988910437,F,1
FL,12,Florida,12035,Flagler County,112067,2020-04-19 19:12:51.786594 UTC,2020-04-17,6,POST,D,2,-0.34537962357791219,D,2,-0.60502547413908081,C,3,-0.1695314630272482,F,1
FL,12,Florida,12109,St. Johns County,254261,2020-04-19 19:12:51.786594 UTC,2020-04-18,7,POST,C,3,-0.47314058015737076,C,3,-0.85436441478720426,A,5,1.3686487121411357,F,1
WA,53,Washington,53009,Clallam County,76737,2020-04-19 19:12:51.786594 UTC,2020-04-18,7,POST,C-,2.7,-0.32743375871493585,D,2,-0.53206164765816177,F,1,-0.97071352749926532,A,5
WA,53,Washington,53051,Pend Oreille County,13602,2020-04-19 19:12:51.786594 UTC,2020-04-18,7,POST,C,3,-0.12472997790623719,F,1,,,,-0.99513462579904577,A,5
WA,53,Washington,53025,Grant County,97331,2020-04-19 19:12:51.786594 UTC,2020-04-18,7,POST,D+,2.3,-0.249450822268111,F,1,-0.40366013568727316,F,1,-0.95862197371542623,A,5
FL,12,Florida,12063,Jackson County,48305,2020-04-19 19:12:51.786594 UTC,2020-04-18,7,POST,D+,2.3,-0.25533910767938028,D,2,-0.353435295982249,F,1,-0.86352263869962131,B,4
FL,12,Florida,12021,Collier County,378488,2020-04-19 19:12:51.786594 UTC,2020-04-18,7,POST,C,3,-0.50168009024306115,C,3,-0.65586642448086807,B,4,-0.61268077351975436,D,2
FL,12,Florida,12091,Okaloosa County,207269,2020-04-19 19:12:51.786594 UTC,2020-04-18,7,POST,D+,2.3,-0.4461543784589464,C,3,-0.64101025380333032,C,3,-0.024860056600704561,F,1
FL,12,Florida,12039,Gadsden County,45894,2020-04-19 19:12:51.786594 UTC,2020-04-17,6,POST,B-,3.7,-0.30422377341797269,D,2,-0.69021739130434778,B,4,-0.95394087434444752,A,5
FL,12,Florida,12093,Okeechobee County,41537,2020-04-19 19:12:51.786594 UTC,2020-04-18,7,POST,C,3,-0.27265989851518252,D,2,-0.60838360723944251,C,3,-0.83520403317966441,B,4
FL,12,Florida,12127,Volusia County,547538,2020-04-19 19:12:51.786594 UTC,2020-04-18,7,POST,C,3,-0.44978246672903355,C,3,-0.718612609120173,A,5,0.97790811996636973,F,1
WA,53,Washington,53017,Douglas County,42907,2020-04-19 19:12:51.786594 UTC,2020-04-17,6,POST,C+,3.3,-0.30419758308505396,D,2,-0.61290322580645162,C,3,-0.97747172183959086,A,5
WA,53,Washington,53019,Ferry County,7649,2020-04-19 19:12:51.786594 UTC,2020-04-18,7,POST,B,4,-0.45724585884887381,C,3,,,,-0.9993762127254211,A,5
WA,53,Washington,53005,Benton County,201877,2020-04-19 19:12:51.786594 UTC,2020-04-18,7,POST,D+,2.3,-0.29748567455177549,D,2,-0.586934086418074,D,2,-0.80929734920400209,C,3
WA,53,Washington,53067,Thurston County,286419,2020-04-19 19:12:51.786594 UTC,2020-04-18,7,POST,D+,2.3,-0.36819590275561637,D,2,-0.65078687248018685,B,4,-0.39966351724611826,F,1
FL,12,Florida,12013,Calhoun County,14587,2020-04-19 19:12:51.786594 UTC,2020-04-17,6,POST,B-,3.5,-0.30044650506690579,D,2,,,,-0.97421673229102024,A,5
FL,12,Florida,12049,Hardee County,27245,2020-04-19 19:12:51.786594 UTC,2020-04-17,6,POST,D+,2.3,-0.28121090031423923,D,2,-0.378727191811304,F,1,-0.89436054843176949,B,4
FL,12,Florida,12065,Jefferson County,14288,2020-04-19 19:12:51.786594 UTC,2020-04-18,7,POST,D+,2.3,-0.19459975060847112,F,1,-0.39574356965661311,F,1,-0.98236235904452618,A,5
FL,12,Florida,12119,Sumter County,128754,2020-04-19 19:12:51.786594 UTC,2020-04-18,7,POST,D-,1.7,-0.39352449956375257,D,2,-0.54260935990473835,F,1,-0.43843672521192967,D,2
FL,12,Florida,12041,Gilchrist County,18256,2020-04-19 19:12:51.786594 UTC,2020-04-17,6,POST,D+,2.3,-0.28206085811776671,D,2,-0.36890951276102091,F,1,-0.93620195439634057,B,4
FL,12,Florida,12015,Charlotte County,184998,2020-04-19 19:12:51.786594 UTC,2020-04-18,7,POST,D-,1.7,-0.41869503229991556,C,3,-0.532141767435885,F,1,0.10592057789621445,F,1
FL,12,Florida,12105,Polk County,708009,2020-04-19 19:12:51.786594 UTC,2020-04-17,6,POST,D,2,-0.31577597313712719,D,2,-0.62648589647842823,C,3,0.52904810869811247,F,1
FL,12,Florida,12129,Wakulla County,32461,2020-04-19 19:12:51.786594 UTC,2020-04-17,6,POST,D,2,-0.16945577707161807,F,1,-0.54168866701867235,F,1,-0.83415857791922077,B,4
WA,53,Washington,53057,Skagit County,128206,2020-04-19 19:12:51.786594 UTC,2020-04-17,6,POST,C,3,-0.29726973481345526,D,2,-0.636561549543781,C,3,-0.9243949639547917,B,4
FL,12,Florida,12055,Highlands County,105424,2020-04-19 19:12:51.786594 UTC,2020-04-17,6,POST,D+,2.3,-0.2761423679634461,D,2,-0.60732912335525124,C,3,-0.68876559699727924,D,2
FL,12,Florida,12097,Osceola County,367990,2020-04-19 19:12:51.786594 UTC,2020-04-18,7,POST,C+,3.3,-0.645899218326565,B,4,-0.77911280405506733,A,5,-0.20822224025844049,F,1
FL,12,Florida,12123,Taylor County,21623,2020-04-19 19:12:51.786594 UTC,2020-04-17,6,POST,D+,2.3,-0.20511987816645261,F,1,-0.44799730730393805,F,1,-0.96241811680445,A,5
FL,12,Florida,12089,Nassau County,85832,2020-04-19 19:12:51.786594 UTC,2020-04-18,7,POST,D-,1.7,-0.33753414453223263,D,2,-0.58633596865598547,D,2,-0.3435528738382726,F,1
FL,12,Florida,12033,Escambia County,315534,2020-04-19 19:12:51.786594 UTC,2020-04-17,6,POST,D+,2.3,-0.353300921685101,D,2,-0.6538503201670941,B,4,1.5588607642278549,F,1
FL,12,Florida,12059,Holmes County,19477,2020-04-19 19:12:51.786594 UTC,2020-04-18,7,POST,C-,2.7,-0.31920537575674307,D,2,-0.4626214554828475,F,1,-0.96152982816234356,A,5
FL,12,Florida,12117,Seminole County,467832,2020-04-19 19:12:51.786594 UTC,2020-04-18,7,POST,C-,2.7,-0.53497558410077384,C,3,-0.66902663177377941,B,4,4.9059094963868146,F,1
WA,53,Washington,53077,Yakima County,251446,2020-04-19 19:12:51.786594 UTC,2020-04-17,6,POST,C,3,-0.25417785113180935,D,2,-0.59598300891376976,D,2,-0.95994714236442624,A,5
WA,53,Washington,53041,Lewis County,79604,2020-04-19 19:12:51.786594 UTC,2020-04-18,7,POST,C-,2.7,-0.25917017341524851,D,2,-0.53852912106014572,F,1,-0.95590531493510056,A,5
FL,12,Florida,12029,Dixie County,16700,2020-04-19 19:12:51.786594 UTC,2020-04-17,6,POST,C,3,-0.21886168638752704,F,1,,,,-0.98445387800050166,A,5
FL,12,Florida,12027,DeSoto County,37489,2020-04-19 19:12:51.786594 UTC,2020-04-17,6,POST,D+,2.3,-0.25909808046701677,D,2,-0.45785123966942148,F,1,-0.89410026838964718,B,4
WA,53,Washington,53047,Okanogan County,42132,2020-04-19 19:12:51.786594 UTC,2020-04-17,6,POST,C-,2.7,-0.35745188918485854,D,2,0.16046213093709885,F,1,-0.99595004724035241,A,5
WA,53,Washington,53035,Kitsap County,269805,2020-04-19 19:12:51.786594 UTC,2020-04-17,6,POST,C-,2.7,-0.41317195319234667,C,3,-0.66218488801131181,B,4,-0.29173431974540454,F,1
WA,53,Washington,53061,Snohomish County,814901,2020-04-19 19:12:51.786594 UTC,2020-04-18,7,POST,C,3,-0.40143314983598161,C,3,-0.68509720722183176,B,4,-0.529033086748529,D,2
FL,12,Florida,12125,Union County,14940,2020-04-19 19:12:51.786594 UTC,2020-04-17,6,POST,C-,2.5,-0.055505261752896613,F,1,,,,-0.93948847813691261,B,4
WA,53,Washington,53059,Skamania County,11924,2020-04-19 19:12:51.786594 UTC,2020-04-17,6,POST,C,3,-0.16095207506332407,F,1,,,,-0.99698250734557392,A,5
FL,12,Florida,12091,Okaloosa County,207269,2020-04-19 19:12:51.786594 UTC,2020-04-17,6,POST,D,2,-0.35006794736494296,D,2,-0.640586272359593,C,3,0.012826836952960274,F,1
FL,12,Florida,12095,Orange County,1380645,2020-04-19 19:12:51.786594 UTC,2020-04-18,7,POST,C+,3.3,-0.66133436254496425,B,4,-0.85301332709678357,A,5,3.026761594520881,F,1
FL,12,Florida,12001,Alachua County,269956,2020-04-19 19:12:51.786594 UTC,2020-04-17,6,POST,C,3,-0.45014305343024635,C,3,-0.73823040835326115,A,5,-0.20798806384809776,F,1
FL,12,Florida,12031,Duval County,950181,2020-04-19 19:12:51.786594 UTC,2020-04-17,6,POST,C-,2.7,-0.41224683672566192,C,3,-0.65285268453641132,B,4,3.6184616099141094,F,1
FL,12,Florida,12009,Brevard County,596849,2020-04-19 19:12:51.786594 UTC,2020-04-18,7,POST,D+,2.3,-0.486156714388585,C,3,-0.63377185694997773,C,3,1.0696541541484645,F,1
FL,12,Florida,12093,Okeechobee County,41537,2020-04-19 19:12:51.786594 UTC,2020-04-17,6,POST,C+,3.3,-0.19477169094022528,F,1,-0.74183662905062631,A,5,-0.820569086966294,B,4
FL,12,Florida,12061,Indian River County,157413,2020-04-19 19:12:51.786594 UTC,2020-04-18,7,POST,C-,2.7,-0.45086900809529096,C,3,-0.66670315436119165,B,4,-0.12599523419573588,F,1
WA,53,Washington,53075,Whitman County,49791,2020-04-19 19:12:51.786594 UTC,2020-04-18,7,POST,B-,3.7,-0.089333872867312161,F,1,-0.74891179839633448,A,5,-0.9904615173147564,A,5
FL,12,Florida,12013,Calhoun County,14587,2020-04-19 19:12:51.786594 UTC,2020-04-18,7,POST,B-,3.5,-0.39318699761030385,D,2,,,,-0.97814174417322708,A,5
FL,12,Florida,12073,Leon County,292502,2020-04-19 19:12:51.786594 UTC,2020-04-18,7,POST,C,3,-0.4294152302014676,C,3,-0.73071573081927232,A,5,0.441617365181066,F,1
WA,53,Washington,53045,Mason County,65507,2020-04-19 19:12:51.786594 UTC,2020-04-18,7,POST,D,2,-0.2455676118624196,F,1,-0.49072629571849541,F,1,-0.93743281414162316,B,4
WA,53,Washington,53031,Jefferson County,31729,2020-04-19 19:12:51.786594 UTC,2020-04-17,6,POST,B-,3.5,-0.35767639468492113,D,2,,,,-0.99583642813510853,A,5
WA,53,Washington,53069,Wahkiakum County,4426,2020-04-19 19:12:51.786594 UTC,2020-04-18,7,POST,C,3,-0.073686797765808137,F,1,,,,-0.99690586560145589,A,5
WA,53,Washington,53039,Klickitat County,22107,2020-04-19 19:12:51.786594 UTC,2020-04-17,6,POST,C,3,-0.20956484680191054,F,1,,,,-0.99740536984585815,A,5
FL,12,Florida,12111,St. Lucie County,321128,2020-04-19 19:12:51.786594 UTC,2020-04-18,7,POST,D-,1.7,-0.41579564247994344,C,3,-0.54689641154756519,F,1,0.8538929674096174,F,1
FL,12,Florida,12133,Washington County,24880,2020-04-19 19:12:51.786594 UTC,2020-04-18,7,POST,D+,2.3,-0.357023833198924,D,2,-0.28722247104741189,F,1,-0.89905438332554,B,4
FL,12,Florida,12065,Jefferson County,14288,2020-04-19 19:12:51.786594 UTC,2020-04-17,6,POST,C+,3.3,-0.28367863917899827,D,2,-0.60952380952380958,C,3,-0.98219438151161687,A,5
FL,12,Florida,12021,Collier County,378488,2020-04-19 19:12:51.786594 UTC,2020-04-17,6,POST,C,3,-0.495926308065919,C,3,-0.68711715415278452,B,4,-0.59625259935821107,D,2
FL,12,Florida,12055,Highlands County,105424,2020-04-19 19:12:51.786594 UTC,2020-04-18,7,POST,D,2,-0.33202420058207044,D,2,-0.54871343743127332,F,1,-0.75900841835789334,C,3
WA,53,Washington,53053,Pierce County,891299,2020-04-19 19:12:51.786594 UTC,2020-04-17,6,POST,D,2,-0.31776837110113137,D,2,-0.6040066462944812,C,3,-0.062008441131012115,F,1
WA,53,Washington,53003,Asotin County,22610,2020-04-19 19:12:51.786594 UTC,2020-04-17,6,POST,C-,2.7,-0.37105628606314717,D,2,-0.59508103265738255,D,2,-0.9395448163545842,B,4
WA,53,Washington,53053,Pierce County,891299,2020-04-19 19:12:51.786594 UTC,2020-04-18,7,POST,D+,2.3,-0.36818800283266884,D,2,-0.65602315904476,B,4,-0.17240050982245947,F,1
WA,53,Washington,53019,Ferry County,7649,2020-04-19 19:12:51.786594 UTC,2020-04-17,6,POST,B-,3.5,-0.25285266473888335,D,2,,,,-0.99930060214668426,A,5
WA,53,Washington,53021,Franklin County,94347,2020-04-19 19:12:51.786594 UTC,2020-04-17,6,POST,D+,2.3,-0.26553574223637821,D,2,-0.48539568451720722,F,1,-0.91944401534604436,B,4
FL,12,Florida,12045,Gulf County,16164,2020-04-19 19:12:51.786594 UTC,2020-04-17,6,POST,B-,3.5,-0.267936350441731,D,2,,,,-0.96206124908047852,A,5
FL,12,Florida,12125,Union County,14940,2020-04-19 19:12:51.786594 UTC,2020-04-18,7,POST,C,3,-0.15184715297960957,F,1,,,,-0.95252727034788742,A,5
FL,12,Florida,12131,Walton County,71375,2020-04-19 19:12:51.786594 UTC,2020-04-18,7,POST,B-,3.7,-0.47303829462598068,C,3,-0.75757279496830754,A,5,-0.77833798592059633,C,3
FL,12,Florida,12075,Levy County,40770,2020-04-19 19:12:51.786594 UTC,2020-04-18,7,POST,D+,2.3,-0.26289297054000882,D,2,-0.51178814155144126,F,1,-0.89247910554519694,B,4
WA,53,Washington,53041,Lewis County,79604,2020-04-19 19:12:51.786594 UTC,2020-04-17,6,POST,D+,2.3,-0.12349727195176161,F,1,-0.47928949357520784,F,1,-0.95287595871510311,A,5
WA,53,Washington,53017,Douglas County,42907,2020-04-19 19:12:51.786594 UTC,2020-04-18,7,POST,C-,2.7,-0.28391752667872339,D,2,-0.53234294229963208,F,1,-0.97048410761204162,A,5
FL,12,Florida,12037,Franklin County,11736,2020-04-19 19:12:51.786594 UTC,2020-04-18,7,POST,B,4,-0.49776375047822585,C,3,,,,-0.97750334241243508,A,5
