Type,Name,4/1,4/2,4/3,4/4,4/5,4/6,4/7,4/8,4/9,4/10,4/11,4/12,4/13,4/14,4/15,4/16,4/17,4/18,4/19,4/20,4/21,4/22,4/23,4/24,4/25,4/26,4/27,4/28,4/29,4/30,5/1,5/2,5/3,5/4,5/5,5/6,5/7,5/8,5/9,5/10,5/11,5/12,5/13,5/14,5/15,5/16,5/17,5/18,5/19,5/20,5/21,5/22,5/23,5/24,5/25,5/26,5/27,5/28,5/29,5/30,5/31,6/1,6/2,6/3,6/4,6/5,6/6,6/7,6/8,6/9,6/10,6/11,6/12,6/13,6/14,6/15,6/16,6/17,6/18,6/19,6/20,6/21,6/22,6/23,6/24,6/25,6/26,6/27,6/28
country,Global,,,,,,,,,,,,,,,,,,,,,,,,,,,,,,,,,,,,,,,,,,,,36.56,39.52,33.32,35.05,34.65,37.33,39.08,44.93,45.18,42.26,43.91,52.81,49.03,49.3,46.48,52.25,52.41,48.89,51.33,46.77,49.81,49.07,53.87,54.36,56.36,54.62,53.73,55.27,57.94,61.17,59.25,40.17,60.18,60.04,58.5,58.27,62.69,63.68,88.08,60.6,58.48,57.77,57.39,61.12,61.99,59.35
country,Canada,,,,,,,,,,,,,,,,,,,,,,,,,,,,,,,,,,,,,,,,,,,,,,,,,,,,,34.18,42.55,,57.97,50.76,49.57,47.36,43.46,44.9,58.36,52.9,54.6,46.65,50.44,49.29,51.77,58.09,49.58,51.52,51.98,53.31,51.47,35.23,53.11,59.31,56.36,56.96,57.52,58.59,82.49,66.37,58.59,55.74,53.73,60.99,60.73,55.8
country,Germany,,,,,,,,,,,,,,,,,,,,,,,,,,,,,,,,,,,,,,,,,47.25,31.75,45.49,41.04,44.89,41.88,49.9,43.95,41.9,50.02,89.49,52.42,41.29,47.75,46.68,43.95,44.74,32.63,56.54,64.65,98.96,100,64.44,67.27,57.39,72.46,73.09,58.38,49.04,84.22,84.75,100,96.82,83.09,75.82,74.45,75.88,74.45,65.73,88.64,88.96,99.67,87.8,89.07,91.77,86.73,91.57,91.7,100
country,Mexico,9.87,,,,,,,,,,,,,,,,,,,,,,,,,,,,,,,,,,,,,,,,,,,,,,,,,,19.65,26.59,21.27,22.16,28.67,22.13,23.22,23.02,24.98,24.35,22.81,27.03,27.93,25.65,26.76,28.41,27.2,23.21,27.05,24.98,26.36,29.38,31.79,29.3,18.06,31.88,29.21,32.12,31.23,33.88,34.76,47.58,37.21,35.57,32.22,32.28,37.9,38.22,34.09
country,United Kingdom,,,,,,,,,,,,,,,,,,,,,,,,,,,,,,,,,,,,,,,,,,,,,,,,,,,,,,,,,,,,,,,,,,,14.79,,,,,,,14.77,,,,,,,17.69,,,,,,,,
country,United States,,,,,,,,,,,,,,,,,,,,,,,,,,,,,,,,,,,,,,,,,,,37.69,38.14,41,34.8,35.44,34.07,37.14,38.09,41.15,46.29,45.09,45.4,54.35,50.67,51.55,50.41,54.12,54.03,46.6,45.42,45.48,48.76,49.41,53.52,54.96,57.84,56.19,53.12,54.49,56.52,60.83,59.68,39.48,61.17,60.18,58.56,58.74,62.52,63.63,90,59.62,57.55,56.89,56.8,59.97,61.18,58.13
state,California,,,,,,,,,,,,,,,,,,,,,,,,,,,,,,,,,,,,,,,,,,,,,,,,,,,,,,,62.77,67.6,70.52,62.27,60.62,60.93,50.46,39.95,42.69,50.3,45.64,54.37,55.73,60.46,58.21,57.38,57.83,58.65,56.97,56.4,40.69,60.49,60.98,60.66,59.7,65.07,66.78,91.95,64.15,61.44,59.68,58.6,62.5,64.46,60.77
state,Florida,,,,,,,,,,,,,,,,,,,,,,,,,,,,,,,,,,44.63,36.31,35.95,41.67,41.81,36.75,32.73,45.73,45.35,46.08,48.01,47.59,50.74,52.16,41,47.14,49.54,50.83,54.37,55.14,51.66,56.36,52.44,57.05,57.04,63.9,66.38,57.44,50.97,53.94,55.09,58.35,66.48,65.88,71.75,66.61,67.52,63.73,69.62,75.05,70.48,47.42,70.25,70.48,68.19,64.84,65.13,71.8,100,63.41,62.78,60.57,57.78,64.63,61.78,60.36
state,Illinois,,,,,,,,,,,,,,,,,,,,,,,,,,,,,,,,,,,,,,,,,,,,,,,,,,,,,,,,,,,45.61,46.91,27.01,23.37,34.81,38.23,45.03,41.98,43.19,48.17,42.86,18.77,36.65,57.37,48.8,45.46,33.54,51.8,53.3,61.27,56.19,52.18,41.13,80.28,34.3,55.87,55.15,60.55,42.97,63.59,67.37
state,Massachusetts,,,,,,,,,,,,,,,,,,,,,,,,,,,,,,,,,,,,,,,,,,,,,,,,,,,,,,,,,,,,,,,,,,,,,53.57,54.65,49.89,29.56,52.28,53.2,42.7,57.5,63.42,60.84,61.4,63.16,55.03,70.94,61,63.28,54.97,62.66,63.81,57.92,52.14
state,New Jersey,,,,,,,,,,,,,,,,,,,,,,,,,,,,,,,,,,,,,,,,,,,,,,,,,,,,,10.81,,,,,,,10.79,11.51,,,,,,10.36,15.83,,,,,,,,86.33,82.48,61.63,59.79,63.43,55.54,85.61,74.46,77.68,75.14,74.15,77.3,59.68,65.77
state,New York,,,,,,,,,,,,,,,,,,,,,,,,,,,,,,,,,,,,,,,,,,,,,,,,,,,,,,,,,,,,,,,,,,,,,,,42.56,28.71,48.49,40.5,29.4,,69.15,65.75,61.85,58.95,47.32,77.15,44.9,47.66,43.58,48.08,55.17,45.47,44.97
state,Ontario,,,,,,,,,,,,,,,,,,,,,,,,,,,,,,,,,,,,,,,,,,,,,,,,,,,,,,,,,,,,,,,,,,,,,,,,,25,22.84,21.97,30.74,36.62,30.5,35.48,34.89,38.31,48.82,45.35,29.23,38.4,38.88,50.5,48.2,49.15
state,Pennsylvania,,,,,,,,,,,,,,,,,,,,,,,,,,,,,,,,,,,,,,,,,,,,,,,,,,,,,,,,,,,,,,,,,,34.75,40.63,46.57,58.71,51.47,45.4,40.07,51.98,54.66,37.2,60.99,64.57,57.46,55.48,57.32,52.93,73.28,58.91,56.97,63.1,58.01,66.58,64.35,60.64
state,Texas,,,,,,,,,,,,,,,,,,,,,,,,,,,,,,,37.03,31.96,29.68,25.19,30.06,25.68,27.83,33.93,32.97,30.15,32.26,27.6,31.74,32.13,36.77,37.83,40.35,36.51,36.25,37.28,44.61,45.53,47.4,45.43,53.4,48.48,47.42,49.46,57.76,58.15,53.63,50.77,47.15,54.23,55.64,62.19,64.1,65.77,55.57,56.07,58.18,58.8,63.93,64.23,40.08,62.09,55.93,54.11,55.26,61.4,66.76,100,55.19,45.75,46.83,45.13,47.96,51.05,45.91
city,London,,,,,,,,,,,,,,,,,,,,,,,,,,,,,,,,,,,,,,,,,,,,,,,,,,,,,,,,,,,,,,,,,,,,,,,,,,,,,,,,,,,,,,,,,
city,New York,,,,,,,,,,,,,,,,,,,,,,,,,,,,,,,,,,,,,,,,,,,,,,,,,,,,,,,,,,,,,,,,,,,,,,,,,,,,,,,,,,,,26.5,23.07,26.86,29.19,22.84,24.32